Guest_A;Guest_B
Ashley Kennedy;Mary Franco
Thomas Moody;Benjamin Burke
Anthony Davis;Jose Mata
Casey Thomas;Sean Martinez
Patrick Rosales;Vanessa Richardson
Mary Clements;Rebecca Mullins
Patrick Humphrey;Jessica Finley
Melanie Cunningham;Kevin Mathews
Jane Wolf;Nicole Gonzalez
Jacqueline Choi;Brandy Dalton
Daniel Williams;Joanna Roman
Christopher Cox;Aaron Ballard MD
Jordan Foley;Scott Mcguire
Tyler Johnson DDS;Robert Rich
Michael Parker;Vanessa Richardson
Melanie Howard;Jane Wolf
Joseph Nguyen;James Lee
Melanie Howard;Michael Robinson
Jonathan Meyers;Shawn Davenport
Sarah Pruitt;Mrs. Melanie Evans
Michael Robinson;Heather Mack
Allison Johnson;Richard Allen
Alexis Medina;Benjamin Burke
Brandy Bolton;David Miles
Mrs. Melanie Evans;Casey Thomas
Kristen Brooks;Jeremy Zimmerman
Joanna Roman;Shelly Armstrong
Jacob Matthews;Alex Sanchez
Tammy Sherman;Casey Reyes
Jason Mason;Chris Alvarez
Kimberly Sosa;Jane Wolf
Joseph Ross;Frank Gonzalez
Robert Yang;Bryan Hicks
Andrea Hines;Sean Wise
Jeffrey Nelson;Chris Alvarez
Matthew Hanson;Shawn Rubio
Cindy Davila;Marcus Carey
Michele Alexander;Brandy Bolton
Jeffrey Nelson;Anthony Davis
Aaron Perry;Jessica Zavala
Jane Wolf;Casey Thomas
Casey Reyes;Brenda King
Tonya Gonzalez;Theodore Ramos
Daniel Newman;Bryan Hicks
Scott Mcguire;Michael Parker
Robert Yang;Joseph Ross
Levi Carr;Ann Collins
Stephen Massey;Mariah Mckinney
Anthony Ross;Robert Bauer
Stephanie Farmer MD;Jason Mason
Claire Collins;Joseph Brown
David Miles;Erica Hines
Andrew Martin;Natalie Carlson
Kelly Wright;Robert Rich
William Reyes;David Miles
Heather Mack;Candice Durham
Patrick Rosales;Charles Leonard
Makayla Chavez;David Reid
Dennis Coffey;Thomas Gonzalez
Angela Benton;Kristen Brooks
Robin Miller;Andrew Martin
Cindy Davila;Jacqueline Choi
Breanna Massey;Benjamin Burke
Michele Alexander;Heather Mack
Brianna Osborn;Marcus Carey
David Miles;Ethan Johnson
Andrew Martin;Nicole Gonzalez
Bryan Hicks;Christopher Collins
Joseph Nguyen;Brianna Osborn
Robin Miller;Patrick Rosales
Daniel Tran;Dorothy Nelson
David Miles;Aaron Perry
Joanna Roman;Kelly Wright
Amy Mcgee;Charles Leonard
Tonya Gonzalez;Robert Martin MD
Jason Gill;Daniel Newman
Karen Johnson;Brian Gomez
Austin Spears;Kristen Brooks
Natalie Carlson;Ann Collins
Levi Carr;Deborah Torres
Melanie Cunningham;Jacqueline Choi
Brandy Bolton;Ms. Kristina Edwards MD
Ms. Kristina Edwards MD;Edward Sanchez PhD
Benjamin Burke;Billy Rios
Brittney Braun;Brianna Osborn
Shelby Petersen;Sarah Gutierrez
Joe Simmons;Mary Newman
Mary Cochran;Allison Johnson
Brianna Osborn;Emily White
Jacqueline Choi;Shawn Rubio
Holly Parker;Daniel Tran
Frank Gonzalez;Jonathon Williams
Deborah Torres;Thomas Gonzalez
Jessica Zavala;Aaron Perry
Kenneth Ellis II;Thomas Moody
Stephen Jones;Theodore Ramos
Meghan Jackson;Michael Williams
Karen Brown;Austin Spears
Preston Jackson;Robert Yang
Kenneth Ellis II;Frank Gonzalez
Ann Collins;Joseph Ross
Thomas Moody;Kevin Mathews
Kimberly Snyder;Kevin Mathews
Robert Bauer;Austin Spears
Casey Walker;Ann Collins
Brianna Osborn;Tyler Johnson DDS
Jonathon Williams;David Reid
Steven Stewart;Alexis Medina
Jacqueline Choi;Daniel Tran
Levi Carr;Shawn Davenport
Jonathon Williams;Katelyn Williams
Aaron Perry;Alexis Medina
Daniel Newman;Jessica Finley
Joseph Ross;Ms. Kristina Edwards MD
Michael Parker;Kevin Wells
Tyler Johnson DDS;Anthony Stevenson
Wesley Burnett;Catherine Holden
Vanessa Richardson;Mrs. Sue Richards
Preston Jackson;Darlene Nichols
Deanna Ruiz;Stephanie Farmer MD
Robert Bauer;Levi Carr
Kevin Wells;Mariah Mckinney
Sean Wise;Jimmy Sutton
Mary Clements;Katelyn Williams
Jessica Zavala;Melanie Cunningham
Kevin Wells;Jason Williamson
Amy Perez;Thomas Moody
Denise Nelson;James Graham
Katelyn Williams;Karen Perry
Shelby Petersen;Kevin Mathews
Jacob Matthews;Stephen Massey
Theodore Ramos;Mrs. Melanie Evans
Fernando Melton;Jean Weber
Kenneth King;Karen Johnson
Shelly Armstrong;Eric Jones
Cynthia Hawkins;Destiny Fisher
Michael Morgan;Marc Brown
Dennis Coffey;Daniel Williams
Ricky Bonilla;Jessica Zavala
Daniel Newman;Mary Franco
Denise Walker;Mary Clements
Billy Rios;Robert Bauer
Marc Brown;Andrea Hines
Bryan Hicks;Lee Neal
Wesley Burnett;Nathaniel Nguyen
Whitney Lyons;Shawn Rubio
Darlene Nichols;Henry Good
Mary Newman;Shawn Rubio
Casey Thomas;Emily White
Lee Neal;Dennis Coffey
Richard Allen;Kevin Wells
Christopher Huff;Richard Allen
Brenda King;Marc Brown
Joanna Roman;Aaron Wright
Casey Walker;Thomas Gonzalez
Allison Hines;Marc Brown
Karen Zavala;Chris Alvarez
Levi Carr;Robert Snyder
Wesley Evans;Robin Miller
Kimberly Sosa;Dorothy Nelson
Jonathon Williams;Benjamin Ross
Nicole Gonzalez;Angela Benton
Michael Williams;Jaime Fisher
Joe Simmons;Eric Jones
Cindy Davila;Eric Jones
Bryan PhD;William Reyes
Ms. Kristina Edwards MD;Amy Perez
Shannon Rubio;Michele Alexander
Sean Jones;Brianna Knapp
Kenneth King;Ricky Bonilla
Luis Hines;Jaime Fisher
Kimberly Nelson;Patrick Wright
Brenda King;Jessica Kelley
Andrea Hines;Ann Collins
Joseph Nguyen;Vanessa Richardson
Shelly Burnett;Aaron Ballard MD
Karen Zavala;James Mathews
Thomas Gonzalez;Robert Rich
Bryan PhD;Thomas Moody
Rebecca Mullins;Shelly Armstrong
Robert Washington;Meghan Jackson
Natalie Carlson;Jimmy Sutton
Jamie Raymond;Gregory Harrison
Dorothy Mitchell;Kevin Mathews
Patrick Rosales;Daniel Tran
Deanna Ruiz;Casey Gordon
Allison Reyes;Michael Bauer
Marcus Carey;Vincent Hickman
Vanessa Richardson;Mrs. Melanie Evans
Amy Mcgee;Jane Wolf
Joseph Brown;Breanna Hernandez
Zachary Hawkins;Jeremy Zimmerman
Vanessa Richardson;Olivia Campbell
Eric Jones;Sarah Mason
Benjamin Burke;Austin Spears
Jaime Fisher;Christopher Cox
Edward Sanchez PhD;Robert Snyder
Deborah Torres;Sarah Gutierrez
Allison Hines;Sydney Reese
Mary Clements;Allison Hines
Sean Martinez;Olivia Leonard
Timothy Kelley;Anne Munoz
Bryan Hicks;Stephen II
Robert Snyder;Jeffrey Nelson
Robert Snyder;Karen Sanchez
Frank Finley;Kristen Brooks
Robert Rich;Sydney Reyes
Terry Monroe;Robert Martin MD
Sydney Reyes;Olivia Campbell
Kenneth Ellis II;Mary Williamson
Shelby Petersen;Stephen Wells
Amy Brown;Joe Simmons
Edward Rich;Sarah Mitchell
Theodore Ramos;Zachary Anderson
Daniel Johnson;Daniel Cortez
Cynthia Hawkins;Andrew Martin
Sarah Gutierrez;Mary Campbell
Jamie Raymond;Allison Hines
Brittney Braun;Jacqueline Bailey
Mary Franco;Amy Brown
Brian Gomez;Stephen Hines
Andrea Larsen;Edward Rich
Brittney Williams;Robin Miller
Jonathon Williams;Anthony Ross
Brianna Knapp;Benjamin Ross
Kristen Brown;Andrew Barnes
Jimmy Sutton;Sean Jones
Daniel Johnson;Joe Rios
Jaime Fisher;Terry Monroe
Terry Monroe;Sydney Benton
Michele Alexander;Eric Jones
Steven Stewart;Sarah Pruitt
Billy Hawkins;Andrew Shields
Anne MD;Emily White
Michele Alexander;Dennis Coffey
Jacqueline Mathews;Theodore Ramos
Jessica Brown;Jason Williamson
Billy Gordon;Stephen II
Amy Brown;Jeffrey Nelson
Daniel Ray;Emily White
Mariah Mckinney;Cindy Davila
Karen Zavala;Angelica Gordon
Levi Carr;Amy Mcgee
Joseph Ross;Allison Reyes
Shannon Rubio;Casey Gordon
Brandy Bolton;Steven Stewart
Brittney Braun;Patrick Humphrey
Brittney Williams;Stephanie Farmer MD
Shannon Rubio;Robin Miller
Kelly Wright;Dennis Davila
Joseph Brown;Robert Bailey
Jason Davis;Jamie Raymond
Shelby Petersen;Edward Sanchez PhD
Jacqueline Bailey;Theresa Hines
Shelby Petersen;Jordan Foley
Whitney Lyons;Mary Williams
Robin Miller;Casey Walker
Brittney Williams;Austin Tucker
Amy Sanchez;Aaron Perry
Jamie Raymond;Henry Good
Breanna Hernandez;Shelly Burnett
Michelle Giles;Daniel Newman
Robert Walker;Stephen II
Brittney Barnes;Edward Sanchez PhD
Holly Parker;Mrs. Melanie Evans
Olivia Leonard;Sydney Patterson
Wayne Silva;Dorothy Nelson
Stephen Wells;Ann Rios
Karen Perry;Vanessa Richardson
Melanie Cox;Jessica Brown
Kenneth Ellis II;Katelyn Williams
Amy Sanchez;Scott Mcguire
Rebekah Knapp;Anthony Neal
Stephen Jones;Aaron Ballard MD
Kelly Wright;Michael Williams
Anthony DDS;Michael Bauer
Brittney Braun;Shawn Rubio
Karen Zavala;Melanie Cox
Kevin Wells;Catherine Holden
Theodore Ramos;Anthony Carey
Brian Gomez;Brittney Williams
Melanie Howard;David Miles
Whitney Lyons;Robert Rich
Breanna Hernandez;Andrea Larsen
Eric Jones;Brenda King
Charles Leonard;Stephen Massey
Fernando Melton;Jessica Kelley
Allison Johnson;Candice Perry
Michael Morgan;Austin Tucker
Kevin Walker;Anthony Carey
Kenneth Ellis II;Timothy Mason
Shawn Rubio;Shawn Williams
Kevin Mathews;Levi Johnson
Aaron Ballard MD;Melanie Howard
Chris Alvarez;Sarah Mitchell
Robert Walker;Sydney Reese
Brandy Bolton;Frank Finley
Karen Franco;Stephen Wells
James Mathews;Cynthia Hawkins
Gabriel Watson;Michael PhD
Zachary Anderson;William Reyes
Shelby Petersen;Michelle Giles
Andrew Martin;Stephen II
David Reid;Nathaniel Nguyen
Mrs. Sue Richards;Anne Williamson
Breanna Massey;Denise Nelson
Kristen Brooks;Jessica Brown
Christopher Collins;Robert Mitchell
Katelyn Perry;Thomas Moody
James Graham;Brittney Braun
Robert Mitchell;Anthony Carey
James Lee;Scott Mcguire
Nicole Rios;Brittney Barnes
Jane Wolf;Melanie Cunningham
Levi Johnson;Theresa Hernandez
Jeffery White;Amy Perez
Jacqueline Choi;Michelle Giles
Steven Stewart;Edward Sanchez PhD
Thomas Gonzalez;Luis Le
Kenneth Melton;Stephen Massey
Andrew Shields;Kimberly Nelson
Sarah Gutierrez;Stephen Massey
Theresa Hernandez;Mary Clements
Emily White;Benjamin Wright
Aaron Ballard MD;Lee Fisher
Cindy Davila;Henry Good
Tyler Johnson DDS;Dawn Carr
Christopher Huff;Wayne Silva
Kevin Wells;Anthony Davis
Deanna Ruiz;Robin Miller
Brian Manning;Wayne Nguyen
Erica Hines;Matthew Hanson
Richard Allen;Anthony DDS
Jamie Coffey;Jessica Kelley
Theodore Ramos;James Gordon
Zachary Hawkins;Patrick Humphrey
Nicole Gonzalez;Deanna Ruiz
Holly Parker;Aaron Ballard MD
