Guest,Table Number
Natalie Carlson,Table 1
Ashley Kennedy,Table 1
Michael Morgan,Table 1
Amy Mcgee,Table 1
Andrew Martin,Table 1
Daniel Newman,Table 1
Jessica Finley,Table 1
Luis Le,Table 1
Whitney Lyons,Table 2
Robert Bauer,Table 2
Joseph Brown,Table 2
Michelle Giles,Table 2
Henry Good,Table 2
Daniel Tran,Table 2
Christopher Cox,Table 2
Claire Collins,Table 2
Sarah Mitchell,Table 3
Benjamin Burke,Table 3
Jason Williamson,Table 3
Denise Nelson,Table 3
Tammy Sherman,Table 3
Vincent Hickman,Table 3
Andrew Shields,Table 3
Holly Parker,Table 3
Andrea Hines,Table 4
Breanna Massey,Table 4
Robert Yang,Table 4
Casey Thomas,Table 4
Cynthia Hawkins,Table 4
Makayla Chavez,Table 4
Michael Powell,Table 4
Karen Sanchez,Table 4
Deborah Torres,Table 5
Robert Rich,Table 5
Olivia Campbell,Table 5
Timothy Kelley,Table 5
Mrs. Sue Richards,Table 5
Patrick Rosales,Table 5
Charles Leonard,Table 5
Marc Brown,Table 5
Catherine Holden,Table 6
Luis Carlson,Table 6
Dawn Pineda,Table 6
Jacob Matthews,Table 6
Shelby Petersen,Table 6
Michael Parker,Table 6
Kenneth Ellis II,Table 6
Stephen Massey,Table 6
Patrick Humphrey,Table 7
Jonathon Williams,Table 7
Brenda King,Table 7
Anne Munoz,Table 7
Jaime Fisher,Table 7
Allison Johnson,Table 7
Robert Washington,Table 7
Vanessa Richardson,Table 7
Mary Newman,Table 8
Brandy Bolton,Table 8
Anthony Ross,Table 8
Brandy Dalton,Table 8
Jimmy Sutton,Table 8
Steven Stewart,Table 8
Erica Hines,Table 8
Nathaniel Nguyen,Table 8
Jonathan Meyers,Table 9
Jordan Foley,Table 9
Emily White,Table 9
Robin Miller,Table 9
Kimberly Sosa,Table 9
Ricky Bonilla,Table 9
Shawn Davenport,Table 9
Theresa Hernandez,Table 9
Sarah Gutierrez,Table 10
Amy Perez,Table 10
Michele Alexander,Table 10
Mrs. Melanie Evans,Table 10
Kimberly Snyder,Table 10
Dorothy Nelson,Table 10
Melanie Cunningham,Table 10
Marcus Carey,Table 10
Thomas Moody,Table 11
Alexis Medina,Table 11
James Graham,Table 11
Daniel Williams,Table 11
Robert Martin MD,Table 11
Gregory Harrison,Table 11
Sarah Pruitt,Table 11
Alex Sanchez,Table 11
Shelly Armstrong,Table 12
Joe Simmons,Table 12
Joanna Roman,Table 12
Deanna Ruiz,Table 12
Ann Collins,Table 12
Joseph Proctor,Table 12
Kevin Mathews,Table 12
Sean Wise,Table 12
Brianna Osborn,Table 13
Michael Robinson,Table 13
Preston Jackson,Table 13
Jessica Zavala,Table 13
Richard Allen,Table 13
Destiny Fisher,Table 13
Tyler Johnson DDS,Table 13
Karen Johnson,Table 13
Theodore Ramos,Table 14
Stephen Jones,Table 14
Jamie Raymond,Table 14
Rebekah Knapp,Table 14
Anthony Davis,Table 14
Wesley Burnett,Table 14
Nicole Gonzalez,Table 14
Cindy Davila,Table 14
Zachary Anderson,Table 15
Jean Weber,Table 15
James Lee,Table 15
Eric Jones,Table 15
Lee Neal,Table 15
Sydney Patterson,Table 15
Pamela Fleming,Table 15
Dr. Ryan Garcia,Table 15
Emily Barnes,Table 16
Chris Alvarez,Table 16
Jeremy Zimmerman,Table 16
Ashley Jarvis,Table 16
Heather Mack,Table 16
Timothy Mason,Table 16
Candice Durham,Table 16
Meghan Jackson,Table 16
Dennis Coffey,Table 17
Thomas Gonzalez,Table 17
Frank Gonzalez,Table 17
Jeffrey Nelson,Table 17
Brian Gomez,Table 17
Karen Perry,Table 17
Austin Spears,Table 17
Brittney Braun,Table 17
Jose Mata,Table 18
Billy Rios,Table 18
Kenneth King,Table 18
Mary Williams,Table 18
Katelyn Williams,Table 18
Sean Martinez,Table 18
Michael Williams,Table 18
Jacqueline Choi,Table 18
Jason Mason,Table 19
Angela Benton,Table 19
Kevin Wells,Table 19
Jane Wolf,Table 19
Karen Brown,Table 19
Fernando Melton,Table 19
Shannon Manning,Table 19
Jason Gill,Table 19
Mary Franco,Table 20
Tamara Franco,Table 20
Jessica Brown,Table 20
Casey Walker,Table 20
Joseph Nguyen,Table 20
Rebecca Mullins,Table 20
Tonya Gonzalez,Table 20
Wayne Silva,Table 20
Mariah Mckinney,Table 21
Darlene Nichols,Table 21
Christopher Huff,Table 21
Scott Mcguire,Table 21
Daniel Ray,Table 21
Christopher Collins,Table 21
Anthony Stevenson,Table 21
Austin Tucker,Table 21
Denise Walker,Table 22
Bryan Hicks,Table 22
Matthew Hanson,Table 22
David Miles,Table 22
David Reid,Table 22
Michelle Alvarez,Table 22
Daniel Cortez,Table 22
Andrea Larsen,Table 22
Aaron Perry,Table 23
Sydney Reyes,Table 23
Casey Reyes,Table 23
Kristen Brooks,Table 23
Joseph Ross,Table 23
Ms. Kristina Edwards MD,Table 23
Gabriel Watson,Table 23
Edward Sanchez PhD,Table 23
William Reyes,Table 24
Angelica Gordon,Table 24
Jeffery White,Table 24
Melanie Howard,Table 24
Glenn Bailey,Table 24
Ethan Johnson,Table 24
Aaron Ballard MD,Table 24
Sydney Reese,Table 24
Mary Cochran,Table 25
Terry Monroe,Table 25
Kelly Wright,Table 25
Mary Clements,Table 25
Shawn Rubio,Table 25
Levi Carr,Table 25
Justin Romero,Table 25
Stephanie Farmer MD,Table 25
