Guest,Table Number
Shelly Burnett,Table 1
Sydney Benton,Table 1
Terry Monroe,Table 1
Ms. Kristina Edwards MD,Table 1
Gabriel Watson,Table 1
Scott Torres,Table 1
Benjamin Ross,Table 1
Brianna Knapp,Table 1
Henry Good,Table 2
Sydney Reyes,Table 2
Wayne Silva,Table 2
Robert Martin MD,Table 2
Jeffery White,Table 2
Thomas Moody,Table 2
Gregory Harrison,Table 2
Alexis Medina,Table 2
Daniel Newman,Table 3
Mary Newman,Table 3
Stephen Wells,Table 3
Jimmy Sutton,Table 3
Sean Wise,Table 3
Denise Walker,Table 3
Kevin Walker,Table 3
Jordan Foley,Table 3
Jason Davis,Table 4
Sean Davis,Table 4
Jaime Fisher,Table 4
Shelby Richardson,Table 4
Vanessa Richardson,Table 4
Bryan PhD,Table 4
Heather Mack,Table 4
Meghan Jackson,Table 4
Kelly Wright,Table 5
Patrick Wright,Table 5
Benjamin Wright,Table 5
Aaron Wright,Table 5
Emily White,Table 5
Pamela Fleming,Table 5
Dr. Ryan Garcia,Table 5
Dawn Carr,Table 5
William Reyes,Table 6
Zachary Anderson,Table 6
Amy Perez,Table 6
Kimberly Snyder,Table 6
Karen Franco,Table 6
Mary Franco,Table 6
Tamara Franco,Table 6
Dorothy Nelson,Table 6
Darlene Nichols,Table 7
Gregory Nichols,Table 7
Bryan Hicks,Table 7
Scott Mcguire,Table 7
Matthew Hanson,Table 7
Austin Tucker,Table 7
Christopher Huff,Table 7
Christopher Collins,Table 7
Jessica King,Table 8
Kenneth King,Table 8
Brenda King,Table 8
Angela Benton,Table 8
Breanna Hernandez,Table 8
Lee Neal,Table 8
Anthony Neal,Table 8
Dennis Davila,Table 8
Jessica Zavala,Table 9
Aaron Perry,Table 9
Ricky Bonilla,Table 9
Karen Perry,Table 9
Katelyn Perry,Table 9
Candice Perry,Table 9
Alex Sanchez,Table 9
Jonathan Sanchez,Table 9
Sarah Mason,Table 10
Timothy Mason,Table 10
Jason Mason,Table 10
Robert Washington,Table 10
Ashley Jarvis,Table 10
Shannon Manning,Table 10
Jacqueline Bailey,Table 10
Frank Bailey,Table 10
Mariah Mckinney,Table 11
Anne Mckinney,Table 11
Michael Morgan,Table 11
Deborah Torres,Table 11
Robert Rich,Table 11
James Gordon,Table 11
Candice Durham,Table 11
Michael Bauer,Table 11
Frank Gonzalez,Table 12
Thomas Gonzalez,Table 12
Nicole Gonzalez,Table 12
Tonya Gonzalez,Table 12
Dennis Coffey,Table 12
Jamie Coffey,Table 12
Wesley Burnett,Table 12
Andrea Torres,Table 12
Amy Brown,Table 13
Kristen Brown,Table 13
Mary Clements,Table 13
Justin Romero,Table 13
Anthony Stevenson,Table 13
Jessica Weber,Table 13
Theodore Ramos,Table 13
Jamie Raymond,Table 13
Charles Leonard,Table 14
Rebekah Knapp,Table 14
Theresa Hernandez,Table 14
Terry Carey,Table 14
Kristen Brooks,Table 14
Joseph Ross,Table 14
Natalie Ross,Table 14
Sarah Mitchell,Table 14
Wesley Ray,Table 15
Daniel Ray,Table 15
Tammy Sherman,Table 15
David Reid,Table 15
David Miles,Table 15
Denise Nelson,Table 15
Vincent Hickman,Table 15
Stephen Jones,Table 15
Brian Gomez,Table 16
Karen Johnson,Table 16
Tyler Johnson DDS,Table 16
Ethan Johnson,Table 16
Levi Johnson,Table 16
Allison Johnson,Table 16
Daniel Johnson,Table 16
Jeffrey Nelson,Table 16
Andrew Martin,Table 17
Robin Miller,Table 17
Cynthia Hawkins,Table 17
James Mathews,Table 17
Sydney Patterson,Table 17
Mary Campbell,Table 17
Robert Snyder,Table 17
Jonathan Meyers,Table 17
Holly Parker,Table 18
Karen Parker,Table 18
Michael Parker,Table 18
Daniel Tran,Table 18
Stephanie Farmer MD,Table 18
Sydney Reese,Table 18
Kenneth Ellis II,Table 18
Stephen II,Table 18
Anthony Davis,Table 19
Destiny Fisher,Table 19
Lee Fisher,Table 19
Aaron Ballard MD,Table 19
Sarah Pruitt,Table 19
Shawn Davenport,Table 19
Edward Rich,Table 19
Kimberly Nelson,Table 19
Fernando Melton,Table 20
Joseph Nguyen,Table 20
Wayne Nguyen,Table 20
Nathaniel Nguyen,Table 20
Anne Munoz,Table 20
Billy Gordon,Table 20
Casey Gordon,Table 20
Angelica Gordon,Table 20
Brandy Bolton,Table 21
Jessica Finley,Table 21
Frank Finley,Table 21
Luis Le,Table 21
Anthony Ross,Table 21
Ann Collins,Table 21
Natalie Carlson,Table 21
Ashley Kennedy,Table 21
Timothy Kelley,Table 22
Jessica Kelley,Table 22
Deanna Ruiz,Table 22
Joseph Proctor,Table 22
Kevin Mathews,Table 22
Allison Reyes,Table 22
Olivia Campbell,Table 22
Patrick Rosales,Table 22
Ann Rios,Table 23
Nicole Rios,Table 23
Joe Rios,Table 23
Anthony DDS,Table 23
Dorothy Mitchell,Table 23
Eric Jones,Table 24
Michele Alexander,Table 24
Joe Simmons,Table 24
Sarah Gutierrez,Table 24
Marcus Carey,Table 24
Denise Carey,Table 24
Anthony Carey,Table 24
Robert Mitchell,Table 24
Shannon Rubio,Table 25
Cindy Davila,Table 25
Karen Zavala,Table 25
Mary Cochran,Table 25
Michael Foley,Table 25
Casey Reyes,Table 25
Andrew Shields,Table 25
Sean Jones,Table 25
Billy Rios,Table 26
Jacqueline Choi,Table 26
Sean Martinez,Table 26
Stephen Massey,Table 26
Emily Massey,Table 26
Michele Campbell,Table 26
Shelly Armstrong,Table 26
Jacqueline Mathews,Table 26
Shawn Rubio,Table 27
Benjamin Burke,Table 27
Andrea Larsen,Table 27
Daniel Cortez,Table 27
Brian Manning,Table 27
Casey Giles,Table 27
Levi Carr,Table 27
Joanna Brown,Table 28
Marc Brown,Table 28
Karen Brown,Table 28
Jessica Brown,Table 28
Joseph Brown,Table 28
Claire Collins,Table 28
Kenneth Melton,Table 28
Brittney Barnes,Table 28
Andrea Hines,Table 29
Theresa Hines,Table 29
Erica Hines,Table 29
Luis Hines,Table 29
Allison Hines,Table 29
Stephen Hines,Table 29
Makayla Chavez,Table 29
Austin Spears,Table 29
Olivia Leonard,Table 30
Breanna Massey,Table 30
Casey Thomas,Table 30
Mrs. Melanie Evans,Table 30
Jose Mata,Table 30
Michael Powell,Table 30
Karen Sanchez,Table 30
Amy Sanchez,Table 30
Kevin Wells,Table 31
Wesley Thomas,Table 31
Richard Allen,Table 31
Zachary Hawkins,Table 31
Billy Hawkins,Table 31
Amy Tucker,Table 31
Tonya Lee,Table 31
Robert Bailey,Table 31
Anne Williamson,Table 32
Mary Williamson,Table 32
Jason Williamson,Table 32
Mrs. Sue Richards,Table 32
Steven Stewart,Table 32
Emily Barnes,Table 32
Candice Barnes,Table 32
Andrew Barnes,Table 32
Edward Sanchez PhD,Table 33
Joanna Roman,Table 33
Rebecca Mullins,Table 33
Casey Walker,Table 33
Robert Walker,Table 33
Anne MD,Table 33
Glenn Bailey,Table 33
Melanie Howard,Table 33
Katelyn Williams,Table 34
Jonathon Williams,Table 34
Brittney Williams,Table 34
Mary Williams,Table 34
Shawn Williams,Table 34
Daniel Williams,Table 34
Michael Williams,Table 34
Melanie Cox,Table 34
Levi Newman,Table 35
James Newman,Table 35
Brianna Osborn,Table 35
Brittney Braun,Table 35
James Graham,Table 35
Michael Robinson,Table 35
Preston Jackson,Table 35
Wesley Evans,Table 35
Brandy Dalton,Table 36
Chris Alvarez,Table 36
Michelle Alvarez,Table 36
Jeremy Zimmerman,Table 36
Wesley Petersen,Table 36
Patrick Humphrey,Table 36
Robert Bauer,Table 36
Jason Gill,Table 36
Michelle Giles,Table 37
Shelby Petersen,Table 37
Dawn Pineda,Table 37
Catherine Holden,Table 37
Luis Carlson,Table 37
Jacob Matthews,Table 37
Whitney Lyons,Table 37
Christopher Cox,Table 37
Melanie Cunningham,Table 38
Jane Wolf,Table 38
Amy Mcgee,Table 38
Kimberly Sosa,Table 38
Jean Weber,Table 38
Robert Yang,Table 38
Michael PhD,Table 38
James Lee,Table 38
